Customer_ID,Actual_Loan_Accepted,Predicted_Probability,Predicted_Class_0.50
CUST0228,1,0.8359867430803095,1
CUST0087,0,0.6537898731137862,1
CUST0021,1,0.9485466164673672,1
CUST0334,0,0.08140415616676652,0
CUST0466,1,0.41572312011878076,0
CUST0567,0,0.06474234660971297,0
CUST0171,0,0.2676594580378907,0
CUST0413,0,0.2447525581752294,0
CUST0491,0,0.1611192853414938,0
CUST0292,0,0.10413085907580993,0
CUST0299,0,0.3801822725777591,0
CUST0443,0,0.5351508822956049,1
CUST0406,0,0.32808557606946637,0
CUST0469,0,0.6187046031739012,1
CUST0467,0,0.319868377432198,0
CUST0297,0,0.19438141085585983,0
CUST0018,0,0.1660182571347804,0
CUST0173,0,0.42887314811762844,0
CUST0262,0,0.6235130388716426,1
CUST0084,1,0.585437303169268,1
CUST0030,0,0.14814922154065782,0
CUST0588,1,0.6374157545274107,1
CUST0270,1,0.2610782368347835,0
CUST0243,0,0.0797529034956396,0
CUST0148,0,0.3241596256177294,0
CUST0052,0,0.1596767733468669,0
CUST0080,0,0.412379928356962,0
CUST0143,0,0.34559606124666503,0
CUST0290,1,0.18005227889706,0
CUST0591,0,0.13701598264045048,0
CUST0172,1,0.664900580048702,1
CUST0086,0,0.2938245011401943,0
CUST0256,1,0.8890512041205915,1
CUST0218,0,0.14547579402467434,0
CUST0455,1,0.8622602147576848,1
CUST0003,0,0.8532951641308689,1
CUST0585,0,0.7084977443245788,1
CUST0396,1,0.4699227501537923,0
CUST0283,1,0.6759917840538875,1
CUST0336,0,0.22639077434440577,0
CUST0377,1,0.4838141082456619,0
CUST0085,0,0.18849494493295596,0
CUST0489,0,0.08515482205330352,0
CUST0060,1,0.972779149666888,1
CUST0241,0,0.2216001142944869,0
CUST0169,1,0.719968273975896,1
CUST0378,0,0.03229707231100665,0
CUST0117,0,0.0346085995368676,0
CUST0298,1,0.1358381302131542,0
CUST0505,1,0.8707915226816647,1
CUST0574,1,0.921373537286618,1
CUST0600,0,0.1613675214982306,0
CUST0184,1,0.47592479942842736,0
CUST0142,0,0.6664266208978626,1
CUST0531,0,0.2713062466482881,0
CUST0302,0,0.09497359853846613,0
CUST0558,1,0.6905793600313552,1
CUST0300,1,0.38743790802718925,0
CUST0126,1,0.5582681022388688,1
CUST0324,0,0.028511628316835208,0
CUST0138,1,0.49738835913074436,0
CUST0020,1,0.34796351002449777,0
CUST0379,0,0.7838203274709616,1
CUST0155,1,0.7970556969811206,1
CUST0140,1,0.9535303933709905,1
CUST0273,0,0.4388366654474293,0
CUST0082,0,0.01855625279233039,0
CUST0404,1,0.15700884779621835,0
CUST0501,0,0.49334325172882676,0
CUST0435,0,0.08266251724066846,0
CUST0560,1,0.7437618014464757,1
CUST0511,0,0.14014302329444311,0
CUST0130,1,0.7904997689471868,1
CUST0162,1,0.6880004499888547,1
CUST0486,1,0.2981512614069108,0
CUST0211,0,0.0290425492017073,0
CUST0163,0,0.5687750225058253,1
CUST0316,1,0.35489599101569974,0
CUST0066,0,0.23342219695706354,0
CUST0092,0,0.35686775093487144,0
CUST0252,1,0.2549520521240008,0
CUST0422,0,0.3593322669663469,0
CUST0436,0,0.21203724720283715,0
CUST0405,0,0.22217468813064098,0
CUST0537,1,0.7465662440775335,1
CUST0383,1,0.5954417388867913,1
CUST0254,0,0.6267112422905966,1
CUST0133,0,0.3348992513847801,0
CUST0293,0,0.1377466808313732,0
CUST0150,1,0.4121850894628168,0
CUST0595,0,0.5824410828759872,1
CUST0423,0,0.1438460231789744,0
CUST0539,1,0.5173416922139644,1
CUST0577,0,0.165218618752366,0
CUST0386,0,0.1716684351554811,0
CUST0326,0,0.3220492782741979,0
CUST0265,0,0.022805189608967196,0
CUST0317,1,0.7437615133322397,1
CUST0095,1,0.16259682699302777,0
CUST0381,1,0.7554433336185888,1
CUST0508,1,0.9628662955600346,1
CUST0027,1,0.10045459222444535,0
CUST0546,0,0.401482307769538,0
CUST0506,0,0.098338037906045,0
CUST0417,0,0.48401707930052007,0
CUST0557,0,0.28063716377677983,0
CUST0253,0,0.09036915652880823,0
CUST0046,1,0.4083436096195654,0
CUST0498,1,0.5637249408494653,1
CUST0078,0,0.017512313233256582,0
CUST0440,0,0.29968687716854664,0
CUST0342,0,0.06206606147442797,0
CUST0392,0,0.6696362793172062,1
CUST0343,1,0.5982841205018333,1
CUST0167,0,0.08532229505903409,0
CUST0545,0,0.34491074164702606,0
CUST0319,0,0.35322368036909263,0
CUST0197,0,0.08440870336185642,0
CUST0502,1,0.14958959583385084,0
CUST0029,0,0.09701253879244133,0
