Feature,Coefficient,Odds_Ratio
num__Annual_Income_K,1.073232907293747,2.9248199033786735
num__Credit_Score,0.7396227420156933,2.0951449552187054
cat__Offer_Channel_Mobile,0.4264652346263472,1.5318332712610425
num__Digital_Engagement_Score,0.32114178704604524,1.37870104898512
num__Prior_Product_Count,0.22681292014386534,1.2545951365065575
num__Account_Tenure_Years,0.2175560776103444,1.243035133993171
num__Has_Mortgage,0.19274751781519617,1.212576600877221
cat__Offer_Channel_Web,0.1644522748973258,1.1787473123726682
cat__Offer_Channel_Email,0.06323007212424839,1.0652719004083808
num__Age,-0.04650818665096749,0.954556745915075
